id,first_name,last_name,email,gender,job
1,Sanderson,Marris,smarris0@shinystat.com,Male,Dental Hygienist
2,Leanna,Laytham,llaytham1@vinaora.com,Female,Staff Accountant IV
3,Eal,Liebermann,eliebermann2@opensource.org,Male,Nurse Practicioner
4,Enrika,Withrop,ewithrop3@google.com.hk,Female,Sales Associate
5,Bondon,Ladley,bladley4@constantcontact.com,Male,Database Administrator I
6,Estell,Sambells,esambells5@phpbb.com,Agender,Staff Accountant IV
7,Klarika,Robson,krobson6@biblegateway.com,Female,Registered Nurse
8,Cleveland,Takle,ctakle7@unesco.org,Male,Assistant Professor
9,Horacio,Babar,hbabar8@youtube.com,Male,Statistician I
10,Powell,Montez,pmontez9@free.fr,Male,Quality Engineer
11,Courtney,Fergie,cfergiea@booking.com,Male,Human Resources Manager
12,Fonz,Benoey,fbenoeyb@oracle.com,Male,Dental Hygienist
13,Randi,Papworth,rpapworthc@jalbum.net,Bigender,Financial Analyst
14,Rikki,Ponde,rponded@feedburner.com,Male,Staff Accountant I
15,Lemuel,Sabbins,lsabbinse@acquirethisname.com,Non-binary,Graphic Designer
16,Valerye,Leggitt,vleggittf@washingtonpost.com,Female,Dental Hygienist
17,Letty,Van Dalen,lvandaleng@bandcamp.com,Female,Mechanical Systems Engineer
18,Glenn,Langwade,glangwadeh@mtv.com,Male,Research Assistant III
19,Reta,Cossom,rcossomi@bigcartel.com,Female,Desktop Support Technician
20,Ashla,Kaaskooper,akaaskooperj@dailymail.co.uk,Female,Analog Circuit Design manager
21,Gabriele,MacCurtain,gmaccurtaink@pbs.org,Male,Teacher
22,Ave,Sussex,asussexl@aboutads.info,Male,Administrative Officer
23,Wallas,Coatts,wcoattsm@ucsd.edu,Male,Budget/Accounting Analyst IV
24,Cosmo,Lucken,cluckenn@de.vu,Male,Design Engineer
25,Camellia,Hobell,chobello@yandex.ru,Female,Administrative Officer
26,Vachel,Ribbens,vribbensp@cornell.edu,Male,Health Coach III
27,Denney,Hendricks,dhendricksq@com.com,Male,Physical Therapy Assistant
28,Eyde,Cossem,ecossemr@indiegogo.com,Female,Account Executive
29,Eddie,Kinnane,ekinnanes@nymag.com,Male,VP Product Management
30,Modesta,Laister,mlaistert@gravatar.com,Non-binary,Professor
31,Kylila,Burles,kburlesu@dion.ne.jp,Female,Research Assistant III
32,Karlee,Oglevie,kogleviev@technorati.com,Female,Senior Financial Analyst
33,Una,Merriton,umerritonw@bing.com,Female,Executive Secretary
34,Menard,Luipold,mluipoldx@yolasite.com,Male,Administrative Officer
35,Tuckie,Skocroft,tskocrofty@technorati.com,Male,Design Engineer
36,Gayel,Matthis,gmatthisz@sciencedirect.com,Female,Automation Specialist III
37,Nanci,Guidelli,nguidelli10@wunderground.com,Female,Nuclear Power Engineer
38,Ferdinand,Phateplace,fphateplace11@cpanel.net,Male,Junior Executive
39,Tedmund,Chopin,tchopin12@bloomberg.com,Male,Quality Engineer
40,Fonzie,Jeanin,fjeanin13@gmpg.org,Male,GIS Technical Architect
41,Hercule,Elizabeth,helizabeth14@vinaora.com,Male,Information Systems Manager
42,Hana,Bassindale,hbassindale15@nbcnews.com,Bigender,Compensation Analyst
43,Kakalina,Worsell,kworsell16@webnode.com,Female,Occupational Therapist
44,Rafaellle,Beazley,rbeazley17@netlog.com,Male,Operator
45,Raddie,Nesbitt,rnesbitt18@elegantthemes.com,Male,VP Quality Control
46,Silas,Greenhalf,sgreenhalf19@netscape.com,Male,Marketing Manager
47,Bertine,Witherspoon,bwitherspoon1a@si.edu,Female,Mechanical Systems Engineer
48,Sutherlan,Hayes,shayes1b@shop-pro.jp,Male,Executive Secretary
49,Hansiain,Gillaspy,hgillaspy1c@tinyurl.com,Agender,Environmental Specialist
50,Lilllie,Dampier,ldampier1d@theatlantic.com,Female,Staff Scientist
51,Peggy,Simak,psimak1e@sun.com,Female,Computer Systems Analyst IV
52,Terrill,McGiff,tmcgiff1f@webs.com,Genderfluid,Health Coach I
53,Lyell,Rusbridge,lrusbridge1g@wikispaces.com,Polygender,Human Resources Manager
54,Diann,Monni,dmonni1h@godaddy.com,Female,Biostatistician IV
55,Freda,Hunston,fhunston1i@amazon.de,Female,Senior Cost Accountant
56,Reilly,MacHostie,rmachostie1j@psu.edu,Male,Cost Accountant
57,Jereme,Codi,jcodi1k@tinyurl.com,Male,Pharmacist
58,Florella,Durand,fdurand1l@yahoo.com,Female,Quality Control Specialist
59,Ambur,Dungay,adungay1m@unesco.org,Female,Physical Therapy Assistant
60,Salaidh,Roake,sroake1n@nsw.gov.au,Female,Social Worker
61,Ginger,Sessuns,gsessuns1o@addtoany.com,Female,Legal Assistant
62,Land,Yoell,lyoell1p@angelfire.com,Male,Statistician I
63,Jedidiah,Plan,jplan1q@tamu.edu,Male,Quality Engineer
64,Marrissa,Antoniewicz,mantoniewicz1r@reuters.com,Female,Civil Engineer
65,Derron,Durrans,ddurrans1s@blogspot.com,Male,Systems Administrator IV
66,Terese,Gurge,tgurge1t@g.co,Female,Project Manager
67,Bea,Grishenkov,bgrishenkov1u@issuu.com,Female,Office Assistant III
68,Devin,Godthaab,dgodthaab1v@theglobeandmail.com,Female,Quality Engineer
69,Darren,Breed,dbreed1w@weather.com,Male,Design Engineer
70,Caressa,Long,clong1x@bluehost.com,Female,Chemical Engineer
71,Peggi,Eyles,peyles1y@vimeo.com,Female,Community Outreach Specialist
72,Mariam,Andreev,mandreev1z@weebly.com,Female,Biostatistician IV
73,Tanhya,Drable,tdrable20@imdb.com,Female,Administrative Assistant II
74,Fraser,McGeoch,fmcgeoch21@jiathis.com,Male,Community Outreach Specialist
75,Flin,Sweetlove,fsweetlove22@bloglines.com,Male,Analyst Programmer
76,Guillemette,Heading,gheading23@craigslist.org,Female,Accountant IV
77,Roxanne,Luna,rluna24@nps.gov,Female,Sales Associate
78,Felic,Brithman,fbrithman25@constantcontact.com,Male,Senior Quality Engineer
79,Desi,Darbishire,ddarbishire26@archive.org,Male,Quality Engineer
80,Barry,Skehens,bskehens27@princeton.edu,Male,Statistician IV
81,Mallory,McDade,mmcdade28@nsw.gov.au,Male,VP Sales
82,Bartram,Eddisforth,beddisforth29@ovh.net,Male,Research Assistant I
83,Brand,Druhan,bdruhan2a@independent.co.uk,Male,Engineer III
84,Zebadiah,Quinell,zquinell2b@over-blog.com,Male,Human Resources Assistant IV
85,Kristi,Coole,kcoole2c@princeton.edu,Female,Human Resources Assistant I
86,Marcelline,Webben,mwebben2d@telegraph.co.uk,Female,Financial Advisor
87,Arnie,Warrender,awarrender2e@phoca.cz,Male,General Manager
88,Valentino,Beeton,vbeeton2f@comsenz.com,Male,Chief Design Engineer
89,Stacie,Breslau,sbreslau2g@vkontakte.ru,Female,VP Sales
90,Dasi,Ellaman,dellaman2h@canalblog.com,Female,Software Test Engineer III
91,Rica,Tilly,rtilly2i@hp.com,Female,Legal Assistant
92,Lewiss,Enrietto,lenrietto2j@qq.com,Male,Programmer III
93,Walt,Barthrop,wbarthrop2k@webeden.co.uk,Male,Marketing Manager
94,Rayna,Dunstan,rdunstan2l@reverbnation.com,Female,Health Coach IV
95,Sarge,Pletts,spletts2m@mtv.com,Male,Registered Nurse
96,Adlai,Esmond,aesmond2n@list-manage.com,Male,Biostatistician IV
97,Abraham,Blaw,ablaw2o@soup.io,Male,VP Marketing
98,Hilario,Dewdney,hdewdney2p@mlb.com,Male,Developer I
99,Alvie,Bakeup,abakeup2q@wikimedia.org,Male,Staff Accountant III
100,Gwenneth,Keppie,gkeppie2r@paypal.com,Female,Senior Sales Associate
101,Trixie,Provost,tprovost2s@sphinn.com,Female,Environmental Tech
102,Ellerey,Blakden,eblakden2t@usgs.gov,Male,Registered Nurse
103,Ginelle,Mulbery,gmulbery2u@simplemachines.org,Female,Geologist I
104,Leeanne,McCurrie,lmccurrie2v@devhub.com,Female,VP Sales
105,Nollie,Letham,nletham2w@bbb.org,Male,Budget/Accounting Analyst II
106,Murray,Millgate,mmillgate2x@meetup.com,Male,Physical Therapy Assistant
107,Averyl,Sommerland,asommerland2y@abc.net.au,Female,Assistant Professor
108,Brady,Philpott,bphilpott2z@china.com.cn,Male,Senior Cost Accountant
109,Alvera,Whitington,awhitington30@npr.org,Female,Human Resources Manager
110,Francklyn,Dearan,fdearan31@linkedin.com,Male,Operator
111,Rosaleen,Negal,rnegal32@miibeian.gov.cn,Non-binary,Desktop Support Technician
112,Ramonda,Bouda,rbouda33@g.co,Female,Internal Auditor
113,Woodie,Chastney,wchastney34@ezinearticles.com,Male,Analyst Programmer
114,Arlen,Trymme,atrymme35@baidu.com,Male,Engineer III
115,Suzette,O'Howbane,sohowbane36@creativecommons.org,Female,Developer II
116,Franny,De Biasio,fdebiasio37@list-manage.com,Male,Community Outreach Specialist
117,Danny,Gaze,dgaze38@yahoo.co.jp,Female,Staff Accountant IV
118,Ann-marie,Tranckle,atranckle39@census.gov,Female,VP Quality Control
119,Collete,Grinnell,cgrinnell3a@nps.gov,Female,Junior Executive
120,Nels,Coomer,ncoomer3b@mapy.cz,Male,Help Desk Technician
121,Alida,Rubroe,arubroe3c@hc360.com,Female,Quality Engineer
122,Saxe,Dymott,sdymott3d@1und1.de,Male,Structural Engineer
123,Felita,Beatey,fbeatey3e@twitpic.com,Female,Physical Therapy Assistant
124,Jonis,Jiru,jjiru3f@eepurl.com,Female,Civil Engineer
125,Corrie,Bruckmann,cbruckmann3g@dropbox.com,Male,Sales Associate
126,Deina,Ledbetter,dledbetter3h@virginia.edu,Female,Human Resources Manager
127,Sylas,Allatt,sallatt3i@slideshare.net,Male,Environmental Specialist
128,Erick,Persitt,epersitt3j@latimes.com,Male,Business Systems Development Analyst
129,Cully,Bossons,cbossons3k@altervista.org,Male,Environmental Specialist
130,Yves,Primrose,yprimrose3l@clickbank.net,Male,Help Desk Operator
131,Lanae,Tunuy,ltunuy3m@ftc.gov,Non-binary,Research Nurse
132,Alfred,Dorey,adorey3n@globo.com,Male,VP Marketing
133,Revkah,Bode,rbode3o@mlb.com,Female,Tax Accountant
134,Vinnie,Dalliwatr,vdalliwatr3p@marketwatch.com,Male,Editor
135,Norby,Robbs,nrobbs3q@home.pl,Male,Recruiter
136,Hastie,Meas,hmeas3r@walmart.com,Male,Structural Engineer
137,Kippy,MacCaffrey,kmaccaffrey3s@123-reg.co.uk,Female,VP Accounting
138,Lars,Pyrke,lpyrke3t@lulu.com,Male,Sales Representative
139,Dalston,Manjin,dmanjin3u@wikipedia.org,Male,Graphic Designer
140,Sheff,Hawksby,shawksby3v@deliciousdays.com,Male,Internal Auditor
141,Joell,Hachard,jhachard3w@skyrock.com,Female,Librarian
142,Juditha,Sommersett,jsommersett3x@wordpress.org,Bigender,Web Designer I
143,Thadeus,Broadhurst,tbroadhurst3y@gov.uk,Male,Librarian
144,Danielle,Blay,dblay3z@nsw.gov.au,Female,Help Desk Operator
145,Jaime,Pooley,jpooley40@purevolume.com,Male,Senior Cost Accountant
146,Arie,Pepper,apepper41@4shared.com,Male,Quality Engineer
147,Sandy,Spenley,sspenley42@ucoz.com,Male,Developer II
148,Albertina,Marrow,amarrow43@youtube.com,Female,Cost Accountant
149,Ernesta,Anfonsi,eanfonsi44@google.com.hk,Bigender,Tax Accountant
150,Giralda,Renwick,grenwick45@buzzfeed.com,Female,Senior Financial Analyst
151,Deirdre,Zannetti,dzannetti46@1688.com,Female,Recruiter
152,Georgianna,Ewings,gewings47@umich.edu,Female,Nuclear Power Engineer
153,Richmond,Marczyk,rmarczyk48@ucoz.ru,Male,Desktop Support Technician
154,Carny,Heintsch,cheintsch49@intel.com,Male,Payment Adjustment Coordinator
155,Karoline,Reckless,kreckless4a@pbs.org,Female,Structural Analysis Engineer
156,Bealle,Goakes,bgoakes4b@ibm.com,Male,Assistant Professor
157,Chastity,Lambole,clambole4c@noaa.gov,Female,Help Desk Technician
158,Benjy,Sargeaunt,bsargeaunt4d@hugedomains.com,Male,Sales Associate
159,Lilllie,MacKain,lmackain4e@hexun.com,Female,General Manager
160,Dan,Birt,dbirt4f@csmonitor.com,Male,VP Sales
161,Weider,Gianulli,wgianulli4g@walmart.com,Genderqueer,VP Sales
162,Rosemonde,MacScherie,rmacscherie4h@bigcartel.com,Female,Staff Accountant IV
163,Gabi,Mellows,gmellows4i@cocolog-nifty.com,Male,Technical Writer
164,Elisabetta,Itzchaky,eitzchaky4j@sciencedaily.com,Female,Registered Nurse
165,Sigfrid,Hulson,shulson4k@nyu.edu,Male,Automation Specialist III
166,Aila,Woollaston,awoollaston4l@topsy.com,Female,Clinical Specialist
167,Minnie,Edland,medland4m@un.org,Genderqueer,Software Engineer II
168,Shelley,Oldall,soldall4n@symantec.com,Female,Accounting Assistant III
169,Christoph,Blindermann,cblindermann4o@washington.edu,Male,Senior Editor
170,Sandy,Kliment,skliment4p@360.cn,Female,Senior Financial Analyst
171,Lucita,Methingam,lmethingam4q@miibeian.gov.cn,Female,Analog Circuit Design manager
172,Shoshanna,Hardiker,shardiker4r@vimeo.com,Female,Electrical Engineer
173,Krishnah,Hawke,khawke4s@columbia.edu,Non-binary,Project Manager
174,Dianemarie,Bear,dbear4t@nbcnews.com,Female,Computer Systems Analyst II
175,Ellissa,Sutterby,esutterby4u@imageshack.us,Female,Clinical Specialist
176,Cloe,Eggins,ceggins4v@cargocollective.com,Genderfluid,Director of Sales
177,Agace,Proven,aproven4w@google.ca,Female,Analog Circuit Design manager
178,Ban,Tuffield,btuffield4x@forbes.com,Male,Web Developer III
179,Nannette,Agerskow,nagerskow4y@de.vu,Female,VP Sales
180,Agosto,Caisley,acaisley4z@lulu.com,Male,Sales Representative
181,Cody,Behrens,cbehrens50@jugem.jp,Female,VP Sales
182,Cornela,Main,cmain51@acquirethisname.com,Genderqueer,Web Developer III
183,Anthiathia,Findlay,afindlay52@photobucket.com,Female,Teacher
184,Antonella,Gabits,agabits53@sitemeter.com,Agender,Senior Developer
185,Charlotte,Spary,cspary54@admin.ch,Female,Assistant Media Planner
186,Nicolina,Boteman,nboteman55@google.ru,Female,Registered Nurse
187,Norrie,Waterhous,nwaterhous56@elpais.com,Male,Chemical Engineer
188,Emalia,Roofe,eroofe57@123-reg.co.uk,Female,GIS Technical Architect
189,Mart,Gilbart,mgilbart58@yelp.com,Male,Food Chemist
190,Derward,Thurnham,dthurnham59@ebay.com,Male,Editor
191,Elaine,Heine,eheine5a@mysql.com,Female,Project Manager
192,Bernete,Weiss,bweiss5b@cpanel.net,Female,Electrical Engineer
193,Lynea,Lepoidevin,llepoidevin5c@oaic.gov.au,Female,Administrative Assistant I
194,Nappie,Garred,ngarred5d@ed.gov,Male,Recruiter
195,Jolynn,Prester,jprester5e@purevolume.com,Genderfluid,Automation Specialist I
196,Noelyn,Bernardoux,nbernardoux5f@posterous.com,Female,Office Assistant II
197,Ramonda,Hathaway,rhathaway5g@deviantart.com,Female,Structural Analysis Engineer
198,Riobard,Schuelcke,rschuelcke5h@reddit.com,Male,Administrative Assistant III
199,Thaddus,Greenig,tgreenig5i@sphinn.com,Male,Budget/Accounting Analyst III
200,Kamillah,Lancashire,klancashire5j@yolasite.com,Female,Structural Analysis Engineer
201,Poul,Ventum,pventum5k@g.co,Agender,Analyst Programmer
202,Elana,Skittle,eskittle5l@cocolog-nifty.com,Female,Food Chemist
203,Nigel,Aitchison,naitchison5m@g.co,Male,Data Coordinator
204,Eunice,Balston,ebalston5n@webnode.com,Female,Actuary
205,Erin,Joyce,ejoyce5o@tripod.com,Genderqueer,Programmer Analyst II
206,Putnem,Pyford,ppyford5p@businessweek.com,Male,Technical Writer
207,Lief,Kinnaird,lkinnaird5q@state.gov,Male,Software Test Engineer III
208,Marlena,Gumery,mgumery5r@myspace.com,Female,Financial Advisor
209,Jerrylee,Truman,jtruman5s@w3.org,Female,Senior Financial Analyst
210,Braden,Lightfoot,blightfoot5t@skyrock.com,Male,Senior Editor
211,Byran,Klein,bklein5u@tripadvisor.com,Male,VP Accounting
212,Alley,Strode,astrode5v@businessweek.com,Male,Assistant Manager
213,Ronny,O'Giany,rogiany5w@bizjournals.com,Male,Administrative Officer
214,Glori,O'Leary,goleary5x@fotki.com,Female,VP Sales
215,Rubie,Parlet,rparlet5y@who.int,Female,Account Coordinator
216,Raphael,Blakeway,rblakeway5z@dion.ne.jp,Male,Senior Developer
217,Cello,Brito,cbrito60@omniture.com,Male,Computer Systems Analyst I
218,Walsh,Zanotti,wzanotti61@weebly.com,Male,Biostatistician IV
219,Yorgo,Woolveridge,ywoolveridge62@sitemeter.com,Male,Human Resources Assistant III
220,Glen,Biagini,gbiagini63@nydailynews.com,Male,Executive Secretary
221,Silvanus,Jorden,sjorden64@ustream.tv,Male,Legal Assistant
222,Emmerich,Ruddock,eruddock65@geocities.jp,Male,Professor
223,Hyatt,Murr,hmurr66@i2i.jp,Male,Chief Design Engineer
224,Margaretta,Batsford,mbatsford67@quantcast.com,Female,Senior Cost Accountant
225,Hilarius,Dunkerk,hdunkerk68@sbwire.com,Male,Registered Nurse
226,Tann,Pourveer,tpourveer69@tripadvisor.com,Male,Help Desk Operator
227,Ynes,Sygrove,ysygrove6a@seesaa.net,Female,Account Coordinator
228,Lula,Carlone,lcarlone6b@taobao.com,Female,Design Engineer
229,Thorny,Smallacombe,tsmallacombe6c@ucoz.com,Male,Budget/Accounting Analyst I
230,Raynard,Stambridge,rstambridge6d@ucla.edu,Male,Assistant Professor
231,Alis,Gerbl,agerbl6e@google.co.uk,Female,Professor
232,Lorant,Arnholdt,larnholdt6f@google.co.uk,Male,Project Manager
233,Georgena,Boatright,gboatright6g@unicef.org,Female,Financial Advisor
234,Lacie,Biesterfeld,lbiesterfeld6h@redcross.org,Female,Paralegal
235,Jay,Itzakovitz,jitzakovitz6i@wordpress.com,Male,Financial Advisor
236,Lara,Kleewein,lkleewein6j@cloudflare.com,Female,Administrative Assistant IV
237,Weylin,Lambe,wlambe6k@jalbum.net,Male,Paralegal
238,Pryce,Maguire,pmaguire6l@tmall.com,Male,Actuary
239,Millie,Matisse,mmatisse6m@typepad.com,Agender,Quality Control Specialist
240,Laney,Danielsson,ldanielsson6n@utexas.edu,Male,Nuclear Power Engineer
241,Ariadne,Beckett,abeckett6o@typepad.com,Female,Legal Assistant
242,Eunice,Lukasik,elukasik6p@behance.net,Genderqueer,Biostatistician IV
243,Diahann,Iapico,diapico6q@sohu.com,Female,Project Manager
244,Isidro,Candish,icandish6r@pagesperso-orange.fr,Male,Accounting Assistant IV
245,Rossie,Treagust,rtreagust6s@google.nl,Male,Research Assistant I
246,Eduard,Preto,epreto6t@wunderground.com,Male,Marketing Assistant
247,King,Crippen,kcrippen6u@issuu.com,Genderqueer,Quality Engineer
248,Celeste,Colbert,ccolbert6v@yellowpages.com,Bigender,Automation Specialist III
249,Wittie,Lammerding,wlammerding6w@indiegogo.com,Male,General Manager
250,Brendon,Peppard,bpeppard6x@slideshare.net,Male,Analog Circuit Design manager
251,Adda,Clemonts,aclemonts6y@printfriendly.com,Female,Research Assistant II
252,Yevette,Lansdale,ylansdale6z@acquirethisname.com,Female,Quality Control Specialist
253,Tibold,Bullick,tbullick70@hugedomains.com,Agender,Web Designer III
254,Dorothy,Gladwin,dgladwin71@printfriendly.com,Polygender,Software Engineer II
255,Joyous,Waud,jwaud72@livejournal.com,Female,Payment Adjustment Coordinator
256,Stefa,Shirer,sshirer73@gizmodo.com,Female,Operator
257,Montgomery,Millier,mmillier74@goo.gl,Male,Graphic Designer
258,Valle,Filchagin,vfilchagin75@friendfeed.com,Male,Editor
259,Ferrel,Bulch,fbulch76@twitter.com,Genderqueer,Database Administrator I
260,Janaya,Brayley,jbrayley77@springer.com,Female,Cost Accountant
261,Marley,Esposi,mesposi78@stumbleupon.com,Agender,Actuary
262,Matthiew,Orpwood,morpwood79@google.com.br,Male,Accounting Assistant I
263,Christopher,Ghiriardelli,cghiriardelli7a@jalbum.net,Male,Quality Control Specialist
264,Michel,Kastel,mkastel7b@latimes.com,Male,Biostatistician III
265,Modestia,Klosser,mklosser7c@businessweek.com,Female,Analog Circuit Design manager
266,Calhoun,Lenard,clenard7d@weebly.com,Male,Engineer III
267,Nert,Godber,ngodber7e@hhs.gov,Female,GIS Technical Architect
268,Lila,Spellissy,lspellissy7f@skyrock.com,Female,Programmer I
269,Babara,Breslin,bbreslin7g@narod.ru,Female,Automation Specialist III
270,Theressa,Gremain,tgremain7h@un.org,Non-binary,Assistant Professor
271,Ancell,Strickler,astrickler7i@intel.com,Agender,Recruiter
272,Jo-ann,Dany,jdany7j@columbia.edu,Female,Senior Financial Analyst
273,Rutter,Mingaud,rmingaud7k@devhub.com,Male,Senior Cost Accountant
274,Almira,Giovannazzi,agiovannazzi7l@reverbnation.com,Female,Budget/Accounting Analyst IV
275,Luce,Giacomello,lgiacomello7m@soundcloud.com,Female,VP Sales
276,Con,Roycroft,croycroft7n@washington.edu,Female,Structural Analysis Engineer
277,Flory,Brach,fbrach7o@cbc.ca,Male,Quality Control Specialist
278,Moses,Germaine,mgermaine7p@biglobe.ne.jp,Male,Social Worker
279,Eolande,Densun,edensun7q@edublogs.org,Female,Software Test Engineer IV
280,Cacilie,Eliot,celiot7r@theguardian.com,Female,Systems Administrator IV
281,Noland,Ricco,nricco7s@google.com.au,Male,Senior Sales Associate
282,Debbi,Poynser,dpoynser7t@stanford.edu,Female,VP Product Management
283,Philbert,Tessington,ptessington7u@google.ru,Male,Administrative Assistant II
284,Darby,Furber,dfurber7v@time.com,Female,Senior Sales Associate
285,Danielle,Abele,dabele7w@lycos.com,Female,Administrative Assistant III
286,Rriocard,Connelly,rconnelly7x@slate.com,Male,Nurse Practicioner
287,Gawain,Cumber,gcumber7y@comcast.net,Male,Account Coordinator
288,Monte,Duignan,mduignan7z@latimes.com,Male,Research Assistant I
289,Wat,Boxen,wboxen80@taobao.com,Genderqueer,Software Engineer IV
290,Royce,Flannery,rflannery81@mediafire.com,Male,VP Accounting
291,Torre,Got,tgot82@flavors.me,Agender,Safety Technician II
292,Janeta,Gabbat,jgabbat83@tiny.cc,Female,Chemical Engineer
293,Tobit,Grinnov,tgrinnov84@comcast.net,Male,Nurse
294,Marna,Lindenboim,mlindenboim85@amazon.com,Female,Business Systems Development Analyst
295,Ermina,Fretwell,efretwell86@goo.gl,Female,Librarian
296,Kanya,Farmar,kfarmar87@google.it,Female,Accounting Assistant III
297,Shaine,Lakin,slakin88@huffingtonpost.com,Male,Tax Accountant
298,Cale,Assiter,cassiter89@list-manage.com,Male,Account Representative II
299,Carmelia,Saylor,csaylor8a@wikimedia.org,Female,Speech Pathologist
300,Katya,Polini,kpolini8b@gnu.org,Female,Recruiting Manager
301,Marlane,Winckworth,mwinckworth8c@pinterest.com,Female,Financial Analyst
302,Mortimer,MacKibbon,mmackibbon8d@ed.gov,Male,Junior Executive
303,Rickie,Lodder,rlodder8e@mozilla.com,Male,Health Coach I
304,Kyle,oldey,koldey8f@cargocollective.com,Male,Financial Analyst
305,Margot,Fernyhough,mfernyhough8g@desdev.cn,Genderqueer,Editor
306,Rodd,Blewett,rblewett8h@dmoz.org,Male,Data Coordinator
307,Dewey,Fisk,dfisk8i@adobe.com,Male,Registered Nurse
308,Orrin,Jacobowitz,ojacobowitz8j@globo.com,Male,Assistant Media Planner
309,Flo,Flewan,fflewan8k@geocities.jp,Female,Structural Engineer
310,Yankee,Okroy,yokroy8l@cnet.com,Male,Research Nurse
311,Robbie,Lothlorien,rlothlorien8m@cocolog-nifty.com,Male,Occupational Therapist
312,Baird,Bow,bbow8n@dailymotion.com,Male,Recruiting Manager
313,Grady,Cleaveland,gcleaveland8o@geocities.jp,Male,GIS Technical Architect
314,Guido,Almey,galmey8p@twitter.com,Male,Mechanical Systems Engineer
315,Eryn,Dewane,edewane8q@hibu.com,Female,Senior Quality Engineer
316,Maison,Fouldes,mfouldes8r@shop-pro.jp,Male,Research Associate
317,Jacynth,Bradberry,jbradberry8s@behance.net,Female,Developer II
318,Beaufort,Shephard,bshephard8t@globo.com,Male,Product Engineer
319,Ginny,Silcocks,gsilcocks8u@bizjournals.com,Non-binary,Automation Specialist IV
320,Padget,Romaines,promaines8v@noaa.gov,Male,Nurse
321,Jerrine,Winsley,jwinsley8w@reddit.com,Female,Structural Engineer
322,Austen,Tommen,atommen8x@studiopress.com,Male,Clinical Specialist
323,Roxana,Gland,rgland8y@ucoz.com,Female,Database Administrator IV
324,Douglas,Roose,droose8z@slideshare.net,Male,Nuclear Power Engineer
325,Godfrey,Kearney,gkearney90@aol.com,Male,Business Systems Development Analyst
326,Simmonds,Greenstead,sgreenstead91@wordpress.com,Male,Graphic Designer
327,Westleigh,Hellikes,whellikes92@independent.co.uk,Male,Computer Systems Analyst III
328,Hugues,Cammocke,hcammocke93@wikia.com,Male,Research Associate
329,Gale,Gouldthorp,ggouldthorp94@homestead.com,Female,Chemical Engineer
330,Prinz,Holbarrow,pholbarrow95@fotki.com,Male,Paralegal
331,Nikolaos,Polglaze,npolglaze96@europa.eu,Male,Web Developer I
332,Magdalene,Graysmark,mgraysmark97@bloglines.com,Female,Quality Control Specialist
333,Cherida,Ausiello,causiello98@drupal.org,Female,Recruiter
334,Ninette,Dommerque,ndommerque99@blogs.com,Female,Structural Analysis Engineer
335,Sianna,Seys,sseys9a@gov.uk,Female,Quality Engineer
336,Cos,Terlinden,cterlinden9b@abc.net.au,Male,Tax Accountant
337,Floyd,Leaning,fleaning9c@joomla.org,Male,Senior Quality Engineer
338,Brice,Benoey,bbenoey9d@bbb.org,Male,Research Assistant III
339,Benedikta,Clewlowe,bclewlowe9e@ezinearticles.com,Female,Research Assistant IV
340,Vanessa,Bulward,vbulward9f@google.de,Female,Civil Engineer
341,Audra,Closs,acloss9g@wikimedia.org,Female,Civil Engineer
342,Aldis,Jellyman,ajellyman9h@blog.com,Male,Statistician IV
343,Shelden,Ottery,sottery9i@ucla.edu,Male,Civil Engineer
344,Kaia,Moffet,kmoffet9j@odnoklassniki.ru,Female,Actuary
345,Darla,Haggie,dhaggie9k@psu.edu,Female,Office Assistant I
346,Ogdan,Dignam,odignam9l@digg.com,Male,VP Marketing
347,Thacher,Cannan,tcannan9m@theatlantic.com,Male,Nuclear Power Engineer
348,Kahlil,Kestian,kkestian9n@cnbc.com,Male,Paralegal
349,Rebekkah,Klimp,rklimp9o@homestead.com,Female,GIS Technical Architect
350,Lanna,Mead,lmead9p@stanford.edu,Female,Junior Executive
351,Judye,Geekin,jgeekin9q@mysql.com,Female,Staff Scientist
352,Jonah,Pettifer,jpettifer9r@umich.edu,Male,Payment Adjustment Coordinator
353,Virge,MacGebenay,vmacgebenay9s@google.de,Male,Analog Circuit Design manager
354,Rosalia,Brew,rbrew9t@engadget.com,Agender,Human Resources Manager
355,Friedrick,Worley,fworley9u@privacy.gov.au,Male,Help Desk Technician
356,Cassius,Habens,chabens9v@facebook.com,Male,VP Quality Control
357,Desi,McCumskay,dmccumskay9w@cbsnews.com,Male,Compensation Analyst
358,Ambrosio,Cowcha,acowcha9x@sitemeter.com,Agender,Quality Engineer
359,Aguistin,Jesteco,ajesteco9y@ed.gov,Male,Desktop Support Technician
360,Ingeborg,Iorizzi,iiorizzi9z@admin.ch,Female,Compensation Analyst
361,Randi,Allday,ralldaya0@timesonline.co.uk,Female,Community Outreach Specialist
362,Idette,Hassard,ihassarda1@icq.com,Female,Product Engineer
363,Hercules,Vanyatin,hvanyatina2@ftc.gov,Male,Civil Engineer
364,Edith,Beane,ebeanea3@nbcnews.com,Agender,Structural Engineer
365,Dorolice,Rodgerson,drodgersona4@fc2.com,Female,Help Desk Operator
366,Lynnett,Richardeau,lrichardeaua5@dyndns.org,Female,Cost Accountant
367,Jeremiah,Heckner,jhecknera6@youku.com,Male,Junior Executive
368,Franchot,Saxelby,fsaxelbya7@hugedomains.com,Male,Quality Engineer
369,Emmy,Felstead,efelsteada8@delicious.com,Female,Director of Sales
370,Jade,Manchett,jmanchetta9@independent.co.uk,Female,Social Worker
371,Nanete,Jolly,njollyaa@list-manage.com,Female,VP Marketing
372,Pooh,Brigginshaw,pbrigginshawab@businessweek.com,Female,Food Chemist
373,Alexandre,Joiner,ajoinerac@whitehouse.gov,Male,Research Associate
374,Janetta,Mellodey,jmellodeyad@netvibes.com,Female,Web Designer III
375,Gilburt,Sopp,gsoppae@linkedin.com,Male,Mechanical Systems Engineer
376,Griff,Cottee,gcotteeaf@cmu.edu,Male,Chemical Engineer
377,Aeriela,Gjerde,agjerdeag@patch.com,Female,Dental Hygienist
378,Rhodia,Hodges,rhodgesah@google.es,Female,Electrical Engineer
379,Winnifred,Pennaman,wpennamanai@ovh.net,Female,Budget/Accounting Analyst II
380,Valerye,Griswood,vgriswoodaj@biglobe.ne.jp,Female,Database Administrator IV
381,Isidore,Schutte,ischutteak@nifty.com,Male,Financial Analyst
382,Frank,Boggish,fboggishal@webmd.com,Male,Staff Scientist
383,Selinda,Waine,swaineam@wunderground.com,Female,Occupational Therapist
384,Joelly,Coles,jcolesan@theguardian.com,Female,Civil Engineer
385,Nancey,Dunbabin,ndunbabinao@tiny.cc,Female,Administrative Officer
386,Hubert,Lighterness,hlighternessap@imdb.com,Male,Geologist IV
387,Marcile,Blowing,mblowingaq@blogs.com,Female,Programmer Analyst III
388,Adoree,Leades,aleadesar@unicef.org,Female,Clinical Specialist
389,Yorgo,Bradberry,ybradberryas@forbes.com,Male,Geological Engineer
390,Denna,Teague,dteagueat@chronoengine.com,Female,Accounting Assistant I
391,Carleton,Crummay,ccrummayau@google.es,Male,Assistant Manager
392,Alyssa,Waud,awaudav@bloomberg.com,Female,Nurse
393,Llywellyn,Rotherham,lrotherhamaw@opera.com,Male,Registered Nurse
394,Eulalie,Loyley,eloyleyax@domainmarket.com,Female,Tax Accountant
395,Ravid,Brimicombe,rbrimicombeay@statcounter.com,Male,Help Desk Operator
396,Gardie,Burleton,gburletonaz@nydailynews.com,Male,Office Assistant I
397,Mayne,Dugget,mduggetb0@upenn.edu,Male,Clinical Specialist
398,Donnie,Bassam,dbassamb1@skyrock.com,Female,Legal Assistant
399,Yvor,Ciccottio,yciccottiob2@1688.com,Male,Geologist III
400,Aldrich,Ostrich,aostrichb3@blinklist.com,Male,Accountant III
401,Gillie,Hover,ghoverb4@indiatimes.com,Female,Editor
402,Biron,Stilling,bstillingb5@buzzfeed.com,Male,Teacher
403,Shir,Maass,smaassb6@spiegel.de,Female,Editor
404,Abbott,Neild,aneildb7@constantcontact.com,Male,Product Engineer
405,Brandy,Blazewicz,bblazewiczb8@ovh.net,Female,Social Worker
406,Barbara-anne,Rollins,brollinsb9@bloomberg.com,Female,Speech Pathologist
407,Hamlin,Roz,hrozba@chronoengine.com,Male,Marketing Assistant
408,Marieann,Jimes,mjimesbb@huffingtonpost.com,Female,Account Coordinator
409,Zaccaria,Shuker,zshukerbc@altervista.org,Male,Senior Editor
410,Noellyn,Benmore,nbenmorebd@devhub.com,Female,Systems Administrator II
411,Artair,Palmer,apalmerbe@flickr.com,Male,Desktop Support Technician
412,Micheil,Forstall,mforstallbf@xinhuanet.com,Male,Environmental Tech
413,Rabi,O'Nions,ronionsbg@multiply.com,Male,Mechanical Systems Engineer
414,Romy,Fozard,rfozardbh@weebly.com,Female,Research Assistant IV
415,Agneta,Beves,abevesbi@oaic.gov.au,Female,Recruiting Manager
416,Jere,Farris,jfarrisbj@i2i.jp,Female,Teacher
417,Cornelius,Whissell,cwhissellbk@earthlink.net,Agender,Project Manager
418,Marcos,Penniell,mpenniellbl@themeforest.net,Male,VP Accounting
419,Haleigh,Senett,hsenettbm@hao123.com,Female,Database Administrator III
420,Everett,Soot,esootbn@ucsd.edu,Male,Data Coordinator
421,Silvan,Ellice,sellicebo@bloglines.com,Male,Payment Adjustment Coordinator
422,Kristy,O'Cooney,kocooneybp@patch.com,Female,Director of Sales
423,Julina,Vanes,jvanesbq@yellowbook.com,Female,GIS Technical Architect
424,Dee,Lemarie,dlemariebr@cargocollective.com,Female,Account Representative I
425,Torrie,Woolward,twoolwardbs@bbb.org,Female,Environmental Specialist
426,Pepita,Normanton,pnormantonbt@go.com,Female,Assistant Manager
427,Caye,Coulman,ccoulmanbu@mozilla.com,Female,Occupational Therapist
428,Jenny,Marwood,jmarwoodbv@bravesites.com,Female,Senior Developer
429,Coriss,Lowry,clowrybw@salon.com,Female,VP Quality Control
430,Russ,Loade,rloadebx@de.vu,Male,Paralegal
431,Ingelbert,Bate,ibateby@macromedia.com,Male,Administrative Officer
432,Chucho,Harborow,charborowbz@ebay.com,Male,Media Manager II
433,Osborn,Ambrosini,oambrosinic0@1688.com,Male,Recruiting Manager
434,Consuelo,Marzello,cmarzelloc1@cbc.ca,Female,Biostatistician II
435,Urbanus,Crosio,ucrosioc2@gmpg.org,Male,Senior Financial Analyst
436,Alon,Siveter,asiveterc3@wikia.com,Male,VP Sales
437,Maxy,O'Moylane,momoylanec4@tinyurl.com,Male,Software Test Engineer II
438,Irwinn,Tomaschke,itomaschkec5@forbes.com,Male,Environmental Tech
439,Cleavland,Corr,ccorrc6@cmu.edu,Male,Occupational Therapist
440,Jena,Pregel,jpregelc7@adobe.com,Female,Product Engineer
441,Lydon,Camlin,lcamlinc8@cloudflare.com,Male,Health Coach II
442,Clayton,Segebrecht,csegebrechtc9@arizona.edu,Male,Payment Adjustment Coordinator
443,Rachael,Gerin,rgerinca@pbs.org,Female,Accountant II
444,Angel,Andresen,aandresencb@earthlink.net,Male,Environmental Tech
445,Carlos,Gayter,cgaytercc@webs.com,Male,Desktop Support Technician
446,Renaldo,Whittingham,rwhittinghamcd@nymag.com,Male,Occupational Therapist
447,Patrizio,Roderick,proderickce@facebook.com,Non-binary,Administrative Assistant I
448,Morey,Biasotti,mbiasotticf@nasa.gov,Male,Product Engineer
449,Agneta,Barens,abarenscg@storify.com,Female,Marketing Assistant
450,Parsifal,Lucock,plucockch@pen.io,Male,Nurse
451,Oona,Soda,osodaci@delicious.com,Female,Business Systems Development Analyst
452,Burr,Warlton,bwarltoncj@nymag.com,Male,Teacher
453,Berton,Allibone,balliboneck@independent.co.uk,Male,Account Representative IV
454,Libby,Edsell,ledsellcl@squarespace.com,Female,Product Engineer
455,Audry,Ferrini,aferrinicm@gravatar.com,Female,Assistant Professor
456,Aldo,Canon,acanoncn@mac.com,Male,Developer II
457,Harold,Danihelka,hdanihelkaco@ebay.co.uk,Male,Project Manager
458,Abby,Echallie,aechalliecp@hostgator.com,Female,Human Resources Manager
459,Wilmer,Terrelly,wterrellycq@imgur.com,Male,Technical Writer
460,Ailbert,Skrines,askrinescr@reddit.com,Male,Assistant Media Planner
461,Angele,Oaks,aoakscs@europa.eu,Female,Paralegal
462,Brunhilde,Woolard,bwoolardct@businessinsider.com,Female,Accountant II
463,Denny,Fitzackerley,dfitzackerleycu@google.ca,Male,Sales Representative
464,Shelley,Rohlfing,srohlfingcv@amazonaws.com,Female,Human Resources Assistant IV
465,Drusi,Samsonsen,dsamsonsencw@mit.edu,Female,Help Desk Technician
466,Mab,Waddup,mwaddupcx@auda.org.au,Female,Associate Professor
467,Lawrence,Guilfoyle,lguilfoylecy@tripadvisor.com,Male,Research Associate
468,Spike,Crutch,scrutchcz@ebay.co.uk,Male,Budget/Accounting Analyst IV
469,Wade,Breede,wbreeded0@google.it,Male,Speech Pathologist
470,Richart,O'Carran,rocarrand1@xing.com,Bigender,Media Manager III
471,Lolita,Pennick,lpennickd2@yellowpages.com,Female,Quality Engineer
472,Leslie,Lait,llaitd3@harvard.edu,Female,Structural Analysis Engineer
473,Brianne,Peasegod,bpeasegodd4@uol.com.br,Female,Nurse Practicioner
474,Carolynn,Cornelius,ccorneliusd5@archive.org,Female,Environmental Tech
475,Nancee,Reside,nresided6@youku.com,Female,Engineer IV
476,Hyacintha,Ikins,hikinsd7@so-net.ne.jp,Female,Research Assistant III
477,Dareen,Canto,dcantod8@zimbio.com,Female,Director of Sales
478,Jobey,Powdrill,jpowdrilld9@merriam-webster.com,Female,Accounting Assistant III
479,Currie,Blakeman,cblakemanda@cdbaby.com,Male,Senior Financial Analyst
480,Ceciley,Ayto,caytodb@whitehouse.gov,Female,Administrative Assistant II
481,Vachel,Dearnly,vdearnlydc@vkontakte.ru,Male,VP Marketing
482,Andrea,Vuitte,avuittedd@youtu.be,Male,Research Assistant I
483,Gawain,Folbige,gfolbigede@nymag.com,Male,Research Associate
484,Filide,Vedyaev,fvedyaevdf@baidu.com,Female,Assistant Professor
485,Darrin,Robyns,drobynsdg@marriott.com,Male,Executive Secretary
486,Chickie,Fleisch,cfleischdh@craigslist.org,Male,VP Sales
487,Sigmund,Speachley,sspeachleydi@mayoclinic.com,Male,Teacher
488,Beth,Bowart,bbowartdj@abc.net.au,Female,Computer Systems Analyst III
489,Miles,Drewes,mdrewesdk@aboutads.info,Male,Sales Associate
490,Marius,Andrewartha,mandrewarthadl@dion.ne.jp,Male,Speech Pathologist
491,Dawn,Ewbanks,dewbanksdm@wikimedia.org,Female,Structural Engineer
492,Viv,Gurney,vgurneydn@wix.com,Female,Civil Engineer
493,Red,Gath,rgathdo@reuters.com,Genderqueer,Sales Representative
494,Selig,Syversen,ssyversendp@mapy.cz,Genderqueer,Marketing Assistant
495,Anabel,Breadmore,abreadmoredq@ovh.net,Female,Administrative Officer
496,Celeste,Pate,cpatedr@berkeley.edu,Female,Safety Technician I
497,Lenore,Rowbotham,lrowbothamds@goo.ne.jp,Female,Mechanical Systems Engineer
498,Stacy,Stanyland,sstanylanddt@feedburner.com,Male,Teacher
499,Darla,Marchent,dmarchentdu@ovh.net,Female,Research Assistant IV
500,Xenos,Clewlow,xclewlowdv@angelfire.com,Male,Junior Executive
501,Bobbi,McKinnon,bmckinnondw@privacy.gov.au,Female,Associate Professor
502,Augustine,Johansen,ajohansendx@miibeian.gov.cn,Female,Web Developer II
503,Emmeline,Lidington,elidingtondy@angelfire.com,Female,Analog Circuit Design manager
504,Sigfrid,Haverson,shaversondz@example.com,Male,Office Assistant III
505,Howard,Gutridge,hgutridgee0@vkontakte.ru,Bigender,GIS Technical Architect
506,Silvanus,Minghi,sminghie1@webmd.com,Male,Operator
507,Richie,Grigori,rgrigorie2@cbc.ca,Male,Dental Hygienist
508,Francklin,Champain,fchampaine3@cafepress.com,Genderfluid,Marketing Manager
509,Wait,Mulford,wmulforde4@sfgate.com,Genderqueer,Assistant Media Planner
510,Jone,Beretta,jberettae5@istockphoto.com,Male,Programmer IV
511,Waly,Manton,wmantone6@nydailynews.com,Female,Business Systems Development Analyst
512,Janek,Filipchikov,jfilipchikove7@moonfruit.com,Male,Research Nurse
513,Norri,Woodgate,nwoodgatee8@mlb.com,Female,Director of Sales
514,Noam,Huttley,nhuttleye9@myspace.com,Male,Data Coordinator
515,Adrien,Stearley,astearleyea@homestead.com,Male,Chemical Engineer
516,Dorene,Dobrowlski,ddobrowlskieb@google.nl,Female,VP Marketing
517,Farlee,Tideswell,ftideswellec@creativecommons.org,Male,Physical Therapy Assistant
518,Celka,Whooley,cwhooleyed@multiply.com,Female,Quality Engineer
519,Giffard,Aslet,gasletee@businesswire.com,Male,Safety Technician II
520,Bianca,Durbyn,bdurbynef@timesonline.co.uk,Female,Project Manager
521,Vern,Pyrke,vpyrkeeg@whitehouse.gov,Bigender,Sales Associate
522,Cherey,Bratten,cbratteneh@bluehost.com,Female,Software Test Engineer III
523,Blakelee,Dikels,bdikelsei@studiopress.com,Female,Computer Systems Analyst III
524,Filip,Bowdidge,fbowdidgeej@webeden.co.uk,Male,Sales Associate
525,Sherwin,Vlasenko,svlasenkoek@ebay.co.uk,Male,Media Manager IV
526,Eugenius,Goman,egomanel@sun.com,Male,Database Administrator II
527,Mohammed,Hurt,mhurtem@marriott.com,Male,Programmer Analyst III
528,Gardner,Imason,gimasonen@imdb.com,Male,Chemical Engineer
529,Kevon,Unwins,kunwinseo@mlb.com,Male,Analyst Programmer
530,Ailee,Beteriss,abeterissep@istockphoto.com,Female,Product Engineer
531,Betsey,Doige,bdoigeeq@furl.net,Genderqueer,Payment Adjustment Coordinator
532,Jimmy,Hartus,jhartuser@macromedia.com,Male,Developer III
533,Raddie,Goward,rgowardes@whitehouse.gov,Male,VP Accounting
534,Alana,Fowlds,afowldset@goo.gl,Female,General Manager
535,Mace,Ricardo,mricardoeu@tinypic.com,Male,Compensation Analyst
536,Issiah,Rolstone,irolstoneev@cnet.com,Male,Nurse
537,Dolly,Moran,dmoranew@fema.gov,Female,Programmer I
538,Tamera,Esposito,tespositoex@chronoengine.com,Female,Geological Engineer
539,Cherye,Bearne,cbearneey@google.com.br,Female,Community Outreach Specialist
540,Nicolis,Kettlesting,nkettlestingez@wired.com,Male,Social Worker
541,Kerianne,Redmile,kredmilef0@tinypic.com,Female,Executive Secretary
542,Berkie,Vaan,bvaanf1@lycos.com,Male,Quality Control Specialist
543,Rosette,Ferrillo,rferrillof2@tiny.cc,Female,Product Engineer
544,Carlen,Stables,cstablesf3@earthlink.net,Female,Marketing Manager
545,Stevena,Risebrow,srisebrowf4@google.es,Female,Quality Control Specialist
546,Stephanus,Foulger,sfoulgerf5@typepad.com,Male,Account Representative IV
547,Scotty,Janout,sjanoutf6@google.pl,Male,VP Marketing
548,Rosemary,Morgan,rmorganf7@oaic.gov.au,Female,Analyst Programmer
549,Palm,Madeley,pmadeleyf8@storify.com,Male,VP Accounting
550,Ofelia,Goodbairn,ogoodbairnf9@zimbio.com,Female,Professor
551,Ashla,Flohard,aflohardfa@house.gov,Female,Professor
552,Danila,Shipley,dshipleyfb@php.net,Bigender,Sales Representative
553,Ted,Spridgeon,tspridgeonfc@imdb.com,Male,General Manager
554,Dinnie,Sporgeon,dsporgeonfd@deliciousdays.com,Female,Food Chemist
555,Myrtia,Heine,mheinefe@google.co.jp,Genderfluid,Accounting Assistant IV
556,Hall,Cromie,hcromieff@mashable.com,Male,Programmer IV
557,Ferdinande,Argrave,fargravefg@google.de,Non-binary,Environmental Specialist
558,Christoper,Nuth,cnuthfh@digg.com,Genderqueer,Administrative Officer
559,Davon,Tatnell,dtatnellfi@webeden.co.uk,Male,Structural Analysis Engineer
560,Gretchen,Laurance,glaurancefj@netscape.com,Female,Clinical Specialist
561,Alanson,Pulley,apulleyfk@liveinternet.ru,Genderfluid,Director of Sales
562,Brinna,Ridulfo,bridulfofl@squarespace.com,Female,Food Chemist
563,Herve,Joanic,hjoanicfm@cnbc.com,Male,Web Developer IV
564,Kelsey,Druitt,kdruittfn@zimbio.com,Male,Administrative Officer
565,Stephan,Forman,sformanfo@redcross.org,Male,Tax Accountant
566,Lefty,Small,lsmallfp@google.cn,Male,Structural Engineer
567,Caro,Doreward,cdorewardfq@weibo.com,Female,Civil Engineer
568,Ernestus,Frayling,efraylingfr@ezinearticles.com,Male,Compensation Analyst
569,Curtis,Crassweller,ccrasswellerfs@ezinearticles.com,Male,VP Marketing
570,Tana,Martonfi,tmartonfift@stanford.edu,Female,Geological Engineer
571,Lion,Draycott,ldraycottfu@shop-pro.jp,Male,Account Coordinator
572,Jory,Andrzejowski,jandrzejowskifv@thetimes.co.uk,Non-binary,Paralegal
573,Ward,Candwell,wcandwellfw@homestead.com,Male,Administrative Assistant I
574,Mendy,Cyphus,mcyphusfx@dailymail.co.uk,Male,Account Coordinator
575,Burnard,Heyward,bheywardfy@virginia.edu,Male,Safety Technician II
576,Abbye,Perree,aperreefz@columbia.edu,Genderfluid,Graphic Designer
577,Ralina,Ruggier,rruggierg0@devhub.com,Female,Human Resources Assistant IV
578,Aldon,Reede,areedeg1@mysql.com,Male,Senior Financial Analyst
579,Alexandre,Renard,arenardg2@liveinternet.ru,Male,Compensation Analyst
580,Heywood,Thebeaud,hthebeaudg3@tinypic.com,Male,Financial Analyst
581,Mimi,Ramsted,mramstedg4@cafepress.com,Female,Product Engineer
582,Neill,Leist,nleistg5@wordpress.org,Male,VP Sales
583,Darline,Thumnel,dthumnelg6@ow.ly,Female,Food Chemist
584,Bonnee,Whittlesey,bwhittleseyg7@ning.com,Female,Senior Cost Accountant
585,Kaitlin,Syddon,ksyddong8@sina.com.cn,Female,Web Developer I
586,Abbey,Glancey,aglanceyg9@t-online.de,Non-binary,Environmental Specialist
587,Fred,Waleran,fwaleranga@google.com.hk,Female,Occupational Therapist
588,Farrel,McNellis,fmcnellisgb@nba.com,Male,Product Engineer
589,Michaelina,Custard,mcustardgc@a8.net,Female,Registered Nurse
590,Ursulina,Vizard,uvizardgd@senate.gov,Female,Internal Auditor
591,Milo,Noor,mnoorge@dyndns.org,Male,VP Quality Control
592,Maynord,Lightning,mlightninggf@sbwire.com,Male,Nurse Practicioner
593,Thadeus,Cracker,tcrackergg@tmall.com,Male,Project Manager
594,Ford,Humphery,fhumpherygh@woothemes.com,Male,Structural Engineer
595,Merla,Sutherden,msutherdengi@xing.com,Female,Technical Writer
596,Stacy,Paladino,spaladinogj@mail.ru,Female,Cost Accountant
597,Dorey,Linley,dlinleygk@bing.com,Male,Software Test Engineer I
598,Kirby,Lapsley,klapsleygl@goo.gl,Male,Legal Assistant
599,Idelle,Degoy,idegoygm@youku.com,Female,Social Worker
600,Erik,Rockcliffe,erockcliffegn@wordpress.com,Male,Dental Hygienist
601,Wynny,Havis,whavisgo@wisc.edu,Female,Professor
602,Bertha,Stathor,bstathorgp@yolasite.com,Female,Nuclear Power Engineer
603,Trueman,Skeel,tskeelgq@dell.com,Male,Administrative Officer
604,Alric,Kynvin,akynvingr@newsvine.com,Male,Social Worker
605,Katharina,Klaessen,kklaessengs@naver.com,Female,Nurse Practicioner
606,Ewan,Allbon,eallbongt@java.com,Male,Accounting Assistant I
607,Adena,Notley,anotleygu@t-online.de,Female,Programmer Analyst I
608,Elle,Heinicke,eheinickegv@etsy.com,Female,Senior Financial Analyst
609,Imogen,Seabrooke,iseabrookegw@parallels.com,Female,Tax Accountant
610,Andeee,Handling,ahandlinggx@nature.com,Female,Design Engineer
611,Karoly,Josephi,kjosephigy@google.de,Female,Payment Adjustment Coordinator
612,Kinny,Duffy,kduffygz@about.com,Male,Data Coordinator
613,Stanwood,McNeill,smcneillh0@photobucket.com,Male,Automation Specialist I
614,Roseann,Antczak,rantczakh1@hostgator.com,Female,Dental Hygienist
615,Pauly,Smitherham,psmitherhamh2@theatlantic.com,Female,Desktop Support Technician
616,Lazar,Bly,lblyh3@ycombinator.com,Male,Office Assistant II
617,Addie,Sherme,ashermeh4@wufoo.com,Male,Nurse Practicioner
618,Richy,Raiston,rraistonh5@google.com.au,Male,Staff Accountant III
619,Diego,Idiens,didiensh6@alibaba.com,Male,General Manager
620,Aggy,Dorton,adortonh7@nbcnews.com,Female,Graphic Designer
621,Hayward,Currington,hcurringtonh8@wsj.com,Male,Accounting Assistant I
622,Dacia,Fyldes,dfyldesh9@army.mil,Female,Account Representative I
623,Angelle,Babidge,ababidgeha@ucoz.com,Female,Electrical Engineer
624,Vernice,Meatcher,vmeatcherhb@pen.io,Female,Senior Financial Analyst
625,Boote,Coultous,bcoultoushc@geocities.com,Male,Statistician IV
626,Esteban,McKinless,emckinlesshd@omniture.com,Male,Payment Adjustment Coordinator
627,Darla,Dawney,ddawneyhe@nba.com,Female,Web Designer III
628,Ivor,Trolley,itrolleyhf@scribd.com,Male,Internal Auditor
629,Kearney,Cuthbert,kcuthberthg@senate.gov,Male,Systems Administrator III
630,Durand,Golde,dgoldehh@rakuten.co.jp,Male,Pharmacist
631,Heath,Vanlint,hvanlinthi@nydailynews.com,Male,Financial Advisor
632,Jammal,Vasilchenko,jvasilchenkohj@mit.edu,Male,Occupational Therapist
633,Tammie,Ashington,tashingtonhk@google.cn,Male,Senior Financial Analyst
634,Dallas,Pietri,dpietrihl@istockphoto.com,Male,Computer Systems Analyst I
635,Arvin,Joderli,ajoderlihm@weibo.com,Bigender,Senior Sales Associate
636,Cary,Johnson,cjohnsonhn@nih.gov,Genderqueer,Health Coach II
637,Ninnette,Iiannoni,niiannoniho@geocities.jp,Female,Assistant Professor
638,Darcy,Mantrip,dmantriphp@sakura.ne.jp,Male,Senior Cost Accountant
639,Jena,Trenfield,jtrenfieldhq@jalbum.net,Female,Junior Executive
640,Ina,Proschke,iproschkehr@ucoz.com,Genderfluid,Programmer Analyst II
641,Mallorie,Turbefield,mturbefieldhs@springer.com,Female,Actuary
642,Chrissy,Prin,cprinht@discuz.net,Male,Librarian
643,Culver,Sea,cseahu@a8.net,Male,Cost Accountant
644,Melony,Scammonden,mscammondenhv@twitpic.com,Agender,Nurse
645,Elliott,Sedcole,esedcolehw@google.co.uk,Male,Safety Technician III
646,Byrann,Agett,bagetthx@jugem.jp,Male,Programmer Analyst II
647,Hodge,Duchesne,hduchesnehy@mtv.com,Male,Media Manager IV
648,Skelly,Hanrahan,shanrahanhz@devhub.com,Genderqueer,Computer Systems Analyst I
649,Lauritz,Steynor,lsteynori0@pen.io,Male,Marketing Manager
650,Deeanne,Maestrini,dmaestrinii1@prnewswire.com,Female,Statistician I
651,Catharine,Hanley,chanleyi2@foxnews.com,Female,Environmental Specialist
652,Rivy,Laver,rlaveri3@si.edu,Female,Geological Engineer
653,Babs,Rathbourne,brathbournei4@ovh.net,Female,Environmental Tech
654,Glory,Pentony,gpentonyi5@businesswire.com,Female,Paralegal
655,Brendis,De Clairmont,bdeclairmonti6@imgur.com,Polygender,Senior Quality Engineer
656,Alanson,Rollett,arolletti7@spotify.com,Male,Assistant Professor
657,Kirby,Joliffe,kjoliffei8@reuters.com,Female,Engineer III
658,Kimball,Doram,kdorami9@cisco.com,Male,Financial Advisor
659,Alfonso,Eldered,aelderedia@blogtalkradio.com,Male,Assistant Professor
660,Ode,Doohan,odoohanib@newyorker.com,Male,Environmental Specialist
661,Mariel,Deeble,mdeebleic@nasa.gov,Female,Accountant I
662,Barbee,Beggin,bbegginid@apache.org,Female,Graphic Designer
663,Gabbie,Ockland,gocklandie@marketwatch.com,Male,Sales Representative
664,Gaylord,Sicha,gsichaif@vk.com,Male,Financial Analyst
665,Daune,Swetman,dswetmanig@ask.com,Female,Actuary
666,Tedie,Geistmann,tgeistmannih@merriam-webster.com,Male,Payment Adjustment Coordinator
667,Willa,Musla,wmuslaii@gravatar.com,Female,Physical Therapy Assistant
668,Georgia,Ransom,gransomij@joomla.org,Female,Project Manager
669,Debby,Tremblet,dtrembletik@webmd.com,Female,Geologist I
670,Tiebout,Haxell,thaxellil@de.vu,Bigender,Data Coordinator
671,Brita,Shiers,bshiersim@samsung.com,Female,Software Engineer IV
672,Yvon,Derrick,yderrickin@usnews.com,Male,VP Quality Control
673,Jourdain,Padly,jpadlyio@google.com.br,Male,Web Designer II
674,Marlena,Gregorowicz,mgregorowiczip@mashable.com,Female,Staff Accountant I
675,Adan,Harvie,aharvieiq@51.la,Female,Librarian
676,Bobinette,Ladel,bladelir@issuu.com,Female,Nurse
677,Mechelle,Nieass,mnieassis@ning.com,Female,Pharmacist
678,Madelle,Cripps,mcrippsit@scribd.com,Female,Information Systems Manager
679,Ky,Perkinson,kperkinsoniu@51.la,Male,General Manager
680,Angil,Formby,aformbyiv@indiegogo.com,Female,Administrative Assistant I
681,Andrew,Cheng,achengiw@sakura.ne.jp,Male,Structural Engineer
682,Ronna,Fidock,rfidockix@alexa.com,Female,Administrative Officer
683,Nehemiah,Bailey,nbaileyiy@tuttocitta.it,Male,Project Manager
684,Allx,Learned,alearnediz@nba.com,Female,Desktop Support Technician
685,Riobard,Hedylstone,rhedylstonej0@opensource.org,Male,VP Quality Control
686,Janith,Barnsdale,jbarnsdalej1@hao123.com,Female,Senior Cost Accountant
687,Ruthanne,Ebbett,rebbettj2@independent.co.uk,Female,Product Engineer
688,Maurie,Plott,mplottj3@cafepress.com,Male,Recruiter
689,Arvie,Puig,apuigj4@washington.edu,Male,Payment Adjustment Coordinator
690,Morlee,Bleyman,mbleymanj5@sitemeter.com,Male,Information Systems Manager
691,Ruthe,Garroway,rgarrowayj6@naver.com,Female,Safety Technician I
692,Maxie,Siuda,msiudaj7@statcounter.com,Male,Desktop Support Technician
693,Dianemarie,Condie,dcondiej8@cafepress.com,Female,Nurse
694,Ruthie,Mattingly,rmattinglyj9@ted.com,Female,Budget/Accounting Analyst I
695,Roderick,Hallford,rhallfordja@diigo.com,Male,Junior Executive
696,Pate,Garthland,pgarthlandjb@wix.com,Male,Speech Pathologist
697,Mikol,Paget,mpagetjc@merriam-webster.com,Male,Clinical Specialist
698,Welsh,Camillo,wcamillojd@ow.ly,Male,Legal Assistant
699,Jesse,Sellens,jsellensje@1688.com,Bigender,Recruiting Manager
700,Fonsie,Perche,fperchejf@bing.com,Non-binary,Software Test Engineer II
701,Pate,Fedorski,pfedorskijg@china.com.cn,Non-binary,Health Coach IV
702,Kristel,Fairbrother,kfairbrotherjh@nbcnews.com,Agender,Research Associate
703,Hoyt,Gniewosz,hgniewoszji@ebay.co.uk,Male,Financial Advisor
704,Kaela,Naisbitt,knaisbittjj@sogou.com,Female,Research Associate
705,Kellia,Amey,kameyjk@hostgator.com,Female,Recruiting Manager
706,Herbie,Isakov,hisakovjl@cpanel.net,Male,Environmental Specialist
707,Gaile,Pree,gpreejm@com.com,Bigender,Mechanical Systems Engineer
708,Katy,Grissett,kgrissettjn@google.com,Female,Environmental Specialist
709,Nikos,Malzard,nmalzardjo@netlog.com,Male,Staff Scientist
710,Isacco,Felder,ifelderjp@wunderground.com,Male,Senior Quality Engineer
711,Adrien,Revens,arevensjq@odnoklassniki.ru,Male,Automation Specialist IV
712,Hartwell,Singleton,hsingletonjr@cnet.com,Male,Account Coordinator
713,Bil,Jacquet,bjacquetjs@domainmarket.com,Male,Desktop Support Technician
714,Cary,Dodsley,cdodsleyjt@cbslocal.com,Female,Librarian
715,Rickie,Plowman,rplowmanju@webs.com,Female,Registered Nurse
716,Pepi,Southway,psouthwayjv@wordpress.org,Female,Geologist IV
717,Doyle,Sandever,dsandeverjw@ted.com,Male,Compensation Analyst
718,Corney,Bottomley,cbottomleyjx@elegantthemes.com,Male,Quality Engineer
719,Ninnette,Grewer,ngrewerjy@webnode.com,Female,Recruiting Manager
720,Theresina,Henden,thendenjz@microsoft.com,Female,Pharmacist
721,Vida,Duchesne,vduchesnek0@hostgator.com,Female,Senior Editor
722,Derril,Paddon,dpaddonk1@networkadvertising.org,Male,Technical Writer
723,Erny,Janik,ejanikk2@oracle.com,Male,Automation Specialist III
724,Holli,Sarrell,hsarrellk3@cdbaby.com,Female,Administrative Assistant IV
725,Monroe,Barge,mbargek4@taobao.com,Male,Professor
726,Weidar,McComiskie,wmccomiskiek5@over-blog.com,Agender,Information Systems Manager
727,Doug,Wilshin,dwilshink6@forbes.com,Male,Occupational Therapist
728,Horton,Leroux,hlerouxk7@yellowbook.com,Male,Editor
729,Fidole,Stibbs,fstibbsk8@tuttocitta.it,Male,Staff Accountant I
730,Beale,Quaintance,bquaintancek9@google.ru,Male,Financial Advisor
731,Brittaney,Volant,bvolantka@blogspot.com,Female,Graphic Designer
732,Eli,Songhurst,esonghurstkb@quantcast.com,Male,Marketing Manager
733,Fanchon,Scogings,fscogingskc@timesonline.co.uk,Female,Budget/Accounting Analyst III
734,Nat,Dorward,ndorwardkd@ibm.com,Male,Biostatistician I
735,Myrlene,Clapston,mclapstonke@va.gov,Female,Software Engineer IV
736,Trudey,Grandison,tgrandisonkf@elegantthemes.com,Female,Analog Circuit Design manager
737,Valle,Houdmont,vhoudmontkg@arstechnica.com,Male,Chemical Engineer
738,Cyndi,Joontjes,cjoontjeskh@shop-pro.jp,Female,Business Systems Development Analyst
739,Kakalina,Greaves,kgreaveski@zimbio.com,Female,Senior Financial Analyst
740,Manya,Large,mlargekj@patch.com,Female,Information Systems Manager
741,Dasi,Trangmar,dtrangmarkk@sakura.ne.jp,Female,Nurse
742,Demetris,De la Feld,ddelafeldkl@ted.com,Polygender,Physical Therapy Assistant
743,Henri,Douty,hdoutykm@vistaprint.com,Male,Statistician III
744,Liam,Birden,lbirdenkn@pagesperso-orange.fr,Male,Editor
745,Alfi,Spall,aspallko@unicef.org,Female,Teacher
746,Golda,Ianne,giannekp@google.co.jp,Female,Sales Associate
747,Abigail,Dron,adronkq@yahoo.com,Genderqueer,Technical Writer
748,Gregorius,Baike,gbaikekr@feedburner.com,Male,Web Designer II
749,Ekaterina,Cleere,ecleereks@cyberchimps.com,Female,Graphic Designer
750,Dynah,Learmont,dlearmontkt@marriott.com,Female,VP Sales
751,Merlina,Ludee,mludeeku@wikispaces.com,Female,Sales Associate
752,Britte,Vigars,bvigarskv@washington.edu,Female,Actuary
753,Simone,Ogilvie,sogilviekw@live.com,Genderfluid,Director of Sales
754,Alexander,Feltoe,afeltoekx@utexas.edu,Male,Software Engineer I
755,Timofei,Hebron,thebronky@livejournal.com,Male,Assistant Manager
756,Kym,Makepeace,kmakepeacekz@cbc.ca,Non-binary,Speech Pathologist
757,Khalil,Capponer,kcapponerl0@smugmug.com,Male,Programmer Analyst IV
758,Pierrette,Staff,pstaffl1@marketwatch.com,Female,Graphic Designer
759,Silas,Satterley,ssatterleyl2@networkadvertising.org,Male,Community Outreach Specialist
760,Cissy,Shepperd,cshepperdl3@foxnews.com,Female,Senior Developer
761,Enrika,Miles,emilesl4@nih.gov,Female,Analog Circuit Design manager
762,Irvine,Okenfold,iokenfoldl5@alexa.com,Male,Senior Quality Engineer
763,Honor,Smallridge,hsmallridgel6@eepurl.com,Female,Office Assistant IV
764,Freddie,Durber,fdurberl7@bloomberg.com,Female,Mechanical Systems Engineer
765,Norbert,Duckett,nduckettl8@arizona.edu,Male,Developer III
766,Henrietta,Towl,htowll9@nasa.gov,Female,Desktop Support Technician
767,Lindsay,Willshee,lwillsheela@ft.com,Female,Senior Developer
768,Geoff,Punch,gpunchlb@ihg.com,Male,GIS Technical Architect
769,Madalena,Sumsion,msumsionlc@printfriendly.com,Female,Marketing Assistant
770,Kennan,Tregenna,ktregennald@soundcloud.com,Male,Recruiter
771,Dolph,Grahl,dgrahlle@newsvine.com,Male,Environmental Specialist
772,Thelma,Sillwood,tsillwoodlf@delicious.com,Female,Marketing Assistant
773,Ted,Klemensiewicz,tklemensiewiczlg@nifty.com,Male,Dental Hygienist
774,Ber,Heineken,bheinekenlh@naver.com,Genderfluid,Compensation Analyst
775,Roxie,Scholtz,rscholtzli@people.com.cn,Female,Professor
776,Kamilah,Welham,kwelhamlj@kickstarter.com,Female,Help Desk Operator
777,Waylan,Crass,wcrasslk@uol.com.br,Male,Clinical Specialist
778,Phylis,Nobriga,pnobrigall@360.cn,Female,Media Manager IV
779,Aurelea,Jansa,ajansalm@bigcartel.com,Female,General Manager
780,Marlon,Ellwell,mellwellln@exblog.jp,Male,Account Executive
781,Roderich,Ovid,rovidlo@privacy.gov.au,Bigender,Software Test Engineer II
782,Bartholomeo,Kingswell,bkingswelllp@paginegialle.it,Male,Assistant Professor
783,Konstantine,Culkin,kculkinlq@ezinearticles.com,Male,Human Resources Manager
784,Jeniece,Pavelin,jpavelinlr@lycos.com,Female,Teacher
785,Tamera,Eason,teasonls@etsy.com,Female,Data Coordinator
786,Inger,Lergan,ilerganlt@cbslocal.com,Female,Financial Analyst
787,Bing,Tremonte,btremontelu@linkedin.com,Male,Geological Engineer
788,Ricardo,Strauss,rstrausslv@si.edu,Male,Research Nurse
789,Odo,Arrighetti,oarrighettilw@barnesandnoble.com,Male,Product Engineer
790,Zia,Yegorchenkov,zyegorchenkovlx@zdnet.com,Female,Environmental Specialist
791,Caty,Devorill,cdevorillly@scientificamerican.com,Female,Paralegal
792,Hieronymus,Timmons,htimmonslz@msu.edu,Male,Design Engineer
793,Kari,Glentz,kglentzm0@elegantthemes.com,Non-binary,Statistician III
794,Rip,Lillford,rlillfordm1@usnews.com,Male,Statistician IV
795,Dora,Lathbury,dlathburym2@netscape.com,Female,Health Coach II
796,Florette,Stedson,fstedsonm3@theglobeandmail.com,Female,Research Nurse
797,Fabien,McFadzean,fmcfadzeanm4@unicef.org,Male,Analog Circuit Design manager
798,Antonella,Pothergill,apothergillm5@comsenz.com,Bigender,Executive Secretary
799,Clareta,Rayer,crayerm6@marketwatch.com,Female,Senior Financial Analyst
800,Hamnet,Persse,hperssem7@opensource.org,Male,Pharmacist
801,Leda,Foote,lfootem8@census.gov,Female,Accounting Assistant II
802,Luca,Izakof,lizakofm9@fc2.com,Male,Recruiter
803,Jacquenetta,Yakovliv,jyakovlivma@freewebs.com,Female,Recruiting Manager
804,Christian,Cathee,ccatheemb@sina.com.cn,Male,Nurse Practicioner
805,Adina,Farmloe,afarmloemc@cdbaby.com,Female,Executive Secretary
806,Link,Hemeret,lhemeretmd@themeforest.net,Male,Media Manager I
807,Woody,Aikin,waikinme@squarespace.com,Male,Nuclear Power Engineer
808,Wilfrid,Suddock,wsuddockmf@unesco.org,Male,Occupational Therapist
809,Eugen,Simnett,esimnettmg@imageshack.us,Male,Electrical Engineer
810,Helenelizabeth,Billingsly,hbillingslymh@umn.edu,Female,Payment Adjustment Coordinator
811,Marilyn,Million,mmillionmi@army.mil,Female,Nuclear Power Engineer
812,Elisabeth,Sneesby,esneesbymj@soup.io,Female,Executive Secretary
813,Hilarius,Thurston,hthurstonmk@devhub.com,Male,Product Engineer
814,Northrop,Jinkinson,njinkinsonml@ifeng.com,Male,Quality Control Specialist
815,Sydney,Jefferson,sjeffersonmm@indiegogo.com,Male,Sales Associate
816,Arne,Dytham,adythammn@pinterest.com,Male,Budget/Accounting Analyst III
817,Solly,Koppe,skoppemo@ebay.com,Male,Accountant III
818,Bordy,Sone,bsonemp@digg.com,Male,Nuclear Power Engineer
819,Ella,Meachem,emeachemmq@csmonitor.com,Female,Web Designer I
820,Zedekiah,Hoffner,zhoffnermr@deviantart.com,Male,Structural Engineer
821,Everett,Lauthian,elauthianms@wufoo.com,Male,Structural Engineer
822,Trudi,Kemp,tkempmt@ftc.gov,Female,Engineer I
823,Gaylene,Chartres,gchartresmu@wisc.edu,Female,Business Systems Development Analyst
824,Augustine,Gynn,agynnmv@google.ca,Male,Budget/Accounting Analyst III
825,Francklyn,Weekley,fweekleymw@istockphoto.com,Male,Electrical Engineer
826,Stesha,Ewin,sewinmx@addthis.com,Agender,Data Coordinator
827,Emelia,Stormes,estormesmy@webs.com,Female,General Manager
828,Alford,Esslement,aesslementmz@intel.com,Male,Pharmacist
829,Marys,Mellor,mmellorn0@mtv.com,Female,Sales Associate
830,Stanford,Sweynson,ssweynsonn1@ning.com,Male,Geological Engineer
831,Ethelred,McDaid,emcdaidn2@shop-pro.jp,Male,Assistant Media Planner
832,Saunder,Fareweather,sfareweathern3@dot.gov,Male,Structural Engineer
833,Toddie,Polland,tpollandn4@mayoclinic.com,Male,Senior Sales Associate
834,Thedrick,Wennam,twennamn5@princeton.edu,Male,Biostatistician I
835,Iolanthe,Hugle,ihuglen6@surveymonkey.com,Female,Budget/Accounting Analyst IV
836,Lanny,Gimson,lgimsonn7@twitter.com,Male,Geologist III
837,Vanna,Quinby,vquinbyn8@simplemachines.org,Female,Design Engineer
838,Tonnie,McEnery,tmceneryn9@va.gov,Male,Junior Executive
839,Rocky,Ondrousek,rondrousekna@xing.com,Male,GIS Technical Architect
840,Aleen,Egre,aegrenb@nbcnews.com,Female,Business Systems Development Analyst
841,Nalani,Trematick,ntrematicknc@soundcloud.com,Female,Technical Writer
842,Caz,London,clondonnd@mail.ru,Male,Sales Associate
843,Danice,Hover,dhoverne@webs.com,Female,VP Marketing
844,Guthry,Snazel,gsnazelnf@nationalgeographic.com,Male,Physical Therapy Assistant
845,Tanya,Peele,tpeeleng@hexun.com,Female,Environmental Tech
846,Ciel,Rothschild,crothschildnh@gizmodo.com,Female,Engineer IV
847,Base,Stollberg,bstollbergni@google.pl,Male,Community Outreach Specialist
848,Walker,Jepson,wjepsonnj@spiegel.de,Male,Professor
849,Pansie,Gamlyn,pgamlynnk@delicious.com,Female,Junior Executive
850,Conway,McNeilley,cmcneilleynl@csmonitor.com,Male,Account Coordinator
851,Estevan,D'Ambrosi,edambrosinm@seesaa.net,Male,Structural Engineer
852,Eberhard,Fockes,efockesnn@com.com,Male,Developer III
853,Shaylah,Oatley,soatleyno@nps.gov,Female,Biostatistician I
854,Misti,Littlemore,mlittlemorenp@ed.gov,Female,Associate Professor
855,Adey,Durward,adurwardnq@admin.ch,Female,Senior Financial Analyst
856,Claudell,Terbeek,cterbeeknr@independent.co.uk,Male,Mechanical Systems Engineer
857,Kory,Cufley,kcufleyns@va.gov,Polygender,Structural Analysis Engineer
858,Etheline,Stott,estottnt@pagesperso-orange.fr,Female,Physical Therapy Assistant
859,Eben,Vasyukhin,evasyukhinnu@buzzfeed.com,Male,Sales Associate
860,Homerus,Danels,hdanelsnv@elegantthemes.com,Bigender,VP Product Management
861,Reamonn,Ungaretti,rungarettinw@webeden.co.uk,Male,Community Outreach Specialist
862,Cheri,Sheards,csheardsnx@nifty.com,Female,Web Developer II
863,Padgett,Swatton,pswattonny@csmonitor.com,Male,Software Test Engineer I
864,Hodge,Lotwich,hlotwichnz@acquirethisname.com,Male,Recruiter
865,Ertha,Corbishley,ecorbishleyo0@a8.net,Female,Clinical Specialist
866,Laurence,Lamminam,llamminamo1@bbb.org,Male,Paralegal
867,Darill,Patterson,dpattersono2@weibo.com,Male,Speech Pathologist
868,Merlina,Teale,mtealeo3@google.nl,Female,Librarian
869,Leonanie,Liggons,lliggonso4@networksolutions.com,Agender,Physical Therapy Assistant
870,Letizia,Freckelton,lfreckeltono5@prnewswire.com,Female,Actuary
871,Oran,Lawlings,olawlingso6@1688.com,Male,Analyst Programmer
872,Everard,Henriksson,ehenrikssono7@fastcompany.com,Male,Developer I
873,Sharia,Kunzel,skunzelo8@bloglines.com,Female,Social Worker
874,Daron,Johannesson,djohannessono9@facebook.com,Male,Junior Executive
875,Anastasia,Radborn,aradbornoa@goodreads.com,Female,VP Quality Control
876,Shayne,Cheng,schengob@dagondesign.com,Male,Mechanical Systems Engineer
877,Jayne,Kobiela,jkobielaoc@nytimes.com,Female,Marketing Manager
878,Fayina,Battrum,fbattrumod@sakura.ne.jp,Female,Occupational Therapist
879,Laurella,Trahmel,ltrahmeloe@mediafire.com,Female,Software Engineer II
880,Delmor,Gerrit,dgerritof@instagram.com,Male,Systems Administrator III
881,Kimble,Sleany,ksleanyog@alexa.com,Male,Mechanical Systems Engineer
882,Kellie,Allner,kallneroh@bizjournals.com,Female,Accounting Assistant IV
883,Gayler,Heinssen,gheinssenoi@vimeo.com,Male,Electrical Engineer
884,Waiter,Idale,widaleoj@histats.com,Male,Information Systems Manager
885,Lorilee,Snowling,lsnowlingok@narod.ru,Female,Data Coordinator
886,Johan,Potkin,jpotkinol@ehow.com,Male,Geological Engineer
887,Sonni,Bunce,sbunceom@go.com,Female,Internal Auditor
888,Joelle,Lars,jlarson@ihg.com,Female,Operator
889,Gunner,Rushford,grushfordoo@statcounter.com,Male,Senior Sales Associate
890,Erin,Gummary,egummaryop@lulu.com,Male,Business Systems Development Analyst
891,Trent,Nertney,tnertneyoq@cmu.edu,Male,Human Resources Assistant III
892,Carilyn,Lapre,clapreor@free.fr,Female,Research Nurse
893,Fifi,Chevers,fcheversos@adobe.com,Genderqueer,Marketing Manager
894,Yuma,Purveys,ypurveysot@quantcast.com,Male,Administrative Assistant I
895,Miriam,Fenich,mfenichou@shutterfly.com,Female,Professor
896,Timothee,Castagnaro,tcastagnaroov@domainmarket.com,Male,Chief Design Engineer
897,Giffy,Colbron,gcolbronow@prweb.com,Male,Food Chemist
898,Harper,Calleja,hcallejaox@mozilla.com,Male,Dental Hygienist
899,Dominik,Klauber,dklauberoy@wunderground.com,Male,Business Systems Development Analyst
900,Bentlee,Dekeyser,bdekeyseroz@time.com,Male,Health Coach IV
901,Joyous,Gurko,jgurkop0@ycombinator.com,Female,Assistant Media Planner
902,Lyndy,Edginton,ledgintonp1@phpbb.com,Female,Accountant III
903,Eldin,Englishby,eenglishbyp2@ehow.com,Male,Nurse Practicioner
904,Inna,Redier,iredierp3@patch.com,Female,Tax Accountant
905,Wanda,Dadds,wdaddsp4@marketwatch.com,Female,Account Coordinator
906,Leo,Hadny,lhadnyp5@e-recht24.de,Male,Desktop Support Technician
907,Gregorio,Rycroft,grycroftp6@nsw.gov.au,Male,Graphic Designer
908,Myranda,Hatfield,mhatfieldp7@weather.com,Female,Paralegal
909,Billy,Trett,btrettp8@state.gov,Female,Nuclear Power Engineer
910,Blythe,McCay,bmccayp9@ezinearticles.com,Female,Budget/Accounting Analyst I
911,Quinn,Davidsson,qdavidssonpa@163.com,Male,Programmer Analyst II
912,Benedetta,Lighton,blightonpb@biblegateway.com,Female,Nurse Practicioner
913,Esta,Perrone,eperronepc@webnode.com,Female,VP Product Management
914,Atalanta,Diggle,adigglepd@microsoft.com,Female,Programmer IV
915,Tarrance,Deighan,tdeighanpe@naver.com,Male,Account Executive
916,Karrah,Cocking,kcockingpf@infoseek.co.jp,Female,Assistant Manager
917,Hilarius,Tarburn,htarburnpg@wikispaces.com,Male,Operator
918,Sigrid,Andriuzzi,sandriuzziph@un.org,Female,Financial Advisor
919,Darb,Gaddas,dgaddaspi@github.com,Male,Staff Accountant II
920,Rora,Pullan,rpullanpj@ning.com,Female,Marketing Manager
921,Alvinia,Westnedge,awestnedgepk@dmoz.org,Female,Developer II
922,Conni,Jaffa,cjaffapl@weather.com,Female,Administrative Officer
923,Sybille,Olliff,solliffpm@scribd.com,Female,Professor
924,Trevor,Dumphry,tdumphrypn@creativecommons.org,Male,Associate Professor
925,Jessamine,Drezzer,jdrezzerpo@hao123.com,Female,Staff Accountant I
926,Zechariah,Lecointe,zlecointepp@ifeng.com,Male,Project Manager
927,Oberon,Bourton,obourtonpq@hao123.com,Male,General Manager
928,Cesare,Pirson,cpirsonpr@seattletimes.com,Male,Administrative Assistant I
929,Gwendolin,Petroselli,gpetrosellips@tripadvisor.com,Female,Administrative Assistant IV
930,Benedicta,Alenikov,balenikovpt@usa.gov,Female,Budget/Accounting Analyst IV
931,Christy,Grece,cgrecepu@youtu.be,Female,Environmental Specialist
932,Brinna,Romanet,bromanetpv@domainmarket.com,Female,Environmental Tech
933,Patty,Parkey,pparkeypw@alexa.com,Male,Operator
934,Cherilynn,Norval,cnorvalpx@nymag.com,Female,Account Representative I
935,Cecily,Mafham,cmafhampy@moonfruit.com,Female,Accounting Assistant III
936,Ryan,Gullifant,rgullifantpz@phoca.cz,Agender,Senior Developer
937,Audi,Stonall,astonallq0@ca.gov,Female,Budget/Accounting Analyst II
938,Benjamin,Crann,bcrannq1@scribd.com,Male,Nurse
939,Luella,Mullins,lmullinsq2@typepad.com,Female,Payment Adjustment Coordinator
940,Susann,Fairn,sfairnq3@github.com,Female,Office Assistant II
941,Riley,Thulborn,rthulbornq4@google.pl,Male,Biostatistician I
942,Virginie,Pidgeley,vpidgeleyq5@google.com.hk,Female,Design Engineer
943,Sena,Ciciura,sciciuraq6@seattletimes.com,Female,Senior Cost Accountant
944,Uri,Scamaden,uscamadenq7@samsung.com,Male,Safety Technician IV
945,Gabriel,Langley,glangleyq8@nifty.com,Female,Administrative Assistant I
946,Jessi,Draper,jdraperq9@last.fm,Female,Information Systems Manager
947,Phillie,Shevlan,pshevlanqa@umich.edu,Female,Database Administrator II
948,Leonora,Golding,lgoldingqb@macromedia.com,Female,Media Manager IV
949,Quinn,Pendrick,qpendrickqc@ucoz.com,Male,Chemical Engineer
950,Otes,Tansley,otansleyqd@yahoo.com,Male,VP Product Management
951,Corny,Feyer,cfeyerqe@jigsy.com,Male,Compensation Analyst
952,Alfi,Carlton,acarltonqf@miitbeian.gov.cn,Female,Data Coordinator
953,Agnola,Goncalo,agoncaloqg@facebook.com,Female,Research Associate
954,Arleta,Moorcraft,amoorcraftqh@posterous.com,Female,Senior Cost Accountant
955,Karlotta,Lillo,klilloqi@google.it,Female,Clinical Specialist
956,Audie,Spence,aspenceqj@narod.ru,Female,Senior Quality Engineer
957,Sharla,Jodlowski,sjodlowskiqk@jalbum.net,Female,Registered Nurse
958,Berthe,Elce,belceql@cafepress.com,Female,Software Test Engineer IV
959,Johann,Nutbeem,jnutbeemqm@google.com.hk,Male,Information Systems Manager
960,Rockie,O' Mahony,romahonyqn@networkadvertising.org,Male,Human Resources Assistant III
961,Juana,Ashe,jasheqo@narod.ru,Female,Actuary
962,Carver,Bummfrey,cbummfreyqp@hexun.com,Male,Executive Secretary
963,Reinhold,Mynard,rmynardqq@forbes.com,Male,Cost Accountant
964,Cecilla,Caherny,ccahernyqr@redcross.org,Non-binary,Senior Quality Engineer
965,Ollie,Campana,ocampanaqs@tiny.cc,Female,Legal Assistant
966,Isidor,Overstone,ioverstoneqt@plala.or.jp,Male,Account Executive
967,Grazia,Rawlingson,grawlingsonqu@people.com.cn,Female,Director of Sales
968,Marthena,Trazzi,mtrazziqv@yandex.ru,Female,Quality Engineer
969,Vinny,Lemmon,vlemmonqw@columbia.edu,Male,Nuclear Power Engineer
970,Fritz,Michiel,fmichielqx@woothemes.com,Male,Junior Executive
971,Ortensia,Starrs,ostarrsqy@unesco.org,Female,Media Manager I
972,Anastasie,Palleske,apalleskeqz@1und1.de,Female,GIS Technical Architect
973,Ardella,Garforth,agarforthr0@sina.com.cn,Female,GIS Technical Architect
974,Dean,Matuschek,dmatuschekr1@dedecms.com,Male,Software Consultant
975,Enos,Seary,esearyr2@infoseek.co.jp,Male,Help Desk Technician
976,Virgie,Saller,vsallerr3@reverbnation.com,Female,Geologist II
977,Abigail,Cheverell,acheverellr4@walmart.com,Female,Staff Accountant I
978,Lanie,Teck,lteckr5@scribd.com,Male,Senior Editor
979,Matilde,Anning,manningr6@ocn.ne.jp,Bigender,Nurse Practicioner
980,Danyette,Dran,ddranr7@sciencedirect.com,Bigender,Environmental Tech
981,Karlik,Plampin,kplampinr8@berkeley.edu,Male,Database Administrator I
982,Donnajean,Yare,dyarer9@hp.com,Female,Sales Associate
983,Claudio,Dadge,cdadgera@illinois.edu,Male,Financial Analyst
984,Luisa,Brimble,lbrimblerb@g.co,Female,Graphic Designer
985,Reed,Culpan,rculpanrc@homestead.com,Male,Legal Assistant
986,Jaquenette,Davis,jdavisrd@ucoz.ru,Female,Software Consultant
987,Kassi,Corpes,kcorpesre@techcrunch.com,Female,Engineer IV
988,Tyrus,Melonby,tmelonbyrf@i2i.jp,Male,Engineer I
989,Yvonne,Andrei,yandreirg@printfriendly.com,Female,Help Desk Operator
990,Jacklyn,O'Scully,joscullyrh@umn.edu,Female,Project Manager
991,Dela,Beckles,dbecklesri@cafepress.com,Female,VP Sales
992,Gaile,Juliff,gjuliffrj@pcworld.com,Male,Senior Sales Associate
993,Jennine,Errichi,jerrichirk@nature.com,Female,Financial Advisor
994,Giacinta,Youel,gyouelrl@forbes.com,Female,Senior Developer
995,Osbourne,Caneo,ocaneorm@elegantthemes.com,Male,Teacher
996,Ezra,Landal,elandalrn@cnet.com,Male,Budget/Accounting Analyst I
997,Philly,Waterstone,pwaterstonero@artisteer.com,Agender,Cost Accountant
998,Emlynne,Jakov,ejakovrp@wordpress.com,Female,Software Consultant
999,Ekaterina,Saura,esaurarq@nifty.com,Female,Clinical Specialist
1000,Kaleena,Manterfield,kmanterfieldrr@csmonitor.com,Female,Statistician IV
